,Datetime,Tweet Id,Text,Username,Place,Coordinates,UserLocation
0,2015-03-02 09:57:13+00:00,572334839090688000,Oh look who is back! ğŸ™‹ #MKR,mykitchenrules,,,
1,2015-03-02 09:56:28+00:00,572334649088737280,#mkr say sassy one more time ğŸ˜’,ElijahBKris,,,"Mackay, Queensland"
2,2015-03-02 09:54:31+00:00,572334159588278272,Good you girls you stepped it up from entrÃ©e. Hope desert goes well #MKR,breebri28,,,
3,2015-03-02 09:54:25+00:00,572334131977142272,â€œ@mykitchenrules: This is it! Who is going home tonight? #MKRâ€ all of them.  So boring,LyndaMcCarthy2,,,Colac
4,2015-03-02 09:53:27+00:00,572333889806446592,"RT @PatriceChienne: pretty: adjective 1.) attractive in a delicate way without being truly beautiful.""a pretty little girl with an engagingâ€¦",CattyKoala,,,"Sydney, Australia"
5,2015-03-02 09:53:08+00:00,572333810081116160,â€œ@ismisecaz: My housemate was inspired. #mkr http://t.co/b3JeYviyAPâ€ Deconstructed?,SueKennedy19,,,
6,2015-03-02 09:50:24+00:00,572333120797589504,"ummm, @Channel7 isn't #revenge after #mkr not #htgawm #howtogetawaywithmurder which I thought was on Tuesday's? I'm confused by that. ugh. ğŸ˜°",sngo1982,,,
7,2015-03-02 09:50:06+00:00,572333045824413697,â€œ@oh_deary_me__: @halcyon2001 @kitteh09 @Oh_so_offensive   . Now Colon is calling for a punch. #MKRâ€ double punch from Drasko and Steve?,kitteh09,,,Australia
8,2015-03-02 09:49:30+00:00,572332896075161601,â€œ@mykitchenrules: OoOh what do you think is the surprise announcement? #MKRâ€ that it's turning into a cooking show next week? #MKR2015,paul_ricketts,,,"ÃœT: 1.360027,103.989873"
9,2015-03-02 09:49:06+00:00,572332793767673856,â€œ@LIncsgq: The girls could get a job at Hienz making baby food #MKR2015 #MKRâ€ No! Think of the children! The children!,SueKennedy19,,,
10,2015-03-02 09:48:18+00:00,572332592172670976,@mykitchenrules another round of instant restaurants? haha ğŸ˜‰ #MKR,dcpchiu,,,"Sydney, Australia"
11,2015-03-02 09:46:16+00:00,572332083542016002,RT @colonelkickhead: Even with how bad Nikki &amp; Katie did producers are still standing by with a tranquiliser gun to take Tony down when he â€¦,arlo_dog,,,"off the leash, Sydney"
12,2015-03-02 09:46:11+00:00,572332063191265280,Did he call the spatchcock a chicken? ğŸ˜… #MKR,paulypmc,"Place(fullName='Glenorchy, Hobart', name='Glenorchy', type='neighborhood', country='Australia', countryCode='AU')","Coordinates(longitude=147.23900784, latitude=-42.86948004)"," Hobart, Tasmania"
13,2015-03-02 09:44:36+00:00,572331661800546304,â€œ@narryyymate: Drasko and Steve are trying to impress Collin so bad #MKRâ€ Wait til the hair pulling &amp; slapping starts.,SueKennedy19,,,
14,2015-03-02 09:43:30+00:00,572331387090444289,mmmm #MKR getting v boring @lisamromano @garydlum switching to #Simpsons double ep on 11 now ğŸ©ğŸ©ğŸ© mmmm http://t.co/OCSY7cRGhF,YumchaAddict,,,Sydney Australia
15,2015-03-02 09:43:02+00:00,572331268270002176,"""Sass"" ğŸ˜†ğŸ˜ˆğŸ˜†
RT @arna_jane: They say sass one more time I'll throw the remote through the tv #MKR",josuhakeegan,,,"Brisbane, Queensland"
16,2015-03-02 09:42:19+00:00,572331086266564608,"â€œ@jgto: Steveâ€™s starting to annoy me #MKRâ€

Just NOW?!?!?  ğŸ˜„ğŸ˜ƒğŸ˜€",LoadTaker35,,,Townsville Australia
17,2015-03-02 09:41:06+00:00,572330783152599040,"â€œ@4Cate: Has Colin outside for a smoke  #mkrâ€

And that's NOT menthol you're smelling...",LoadTaker35,,,Townsville Australia
18,2015-03-02 09:40:34+00:00,572330647252955137,"If life hands you lemons, ask it why it has hands. #MKR #MKR2015 ğŸ´",Imrealwill,,,
19,2015-03-02 09:40:32+00:00,572330639443165184,RT @stweet_heart: I'm amazed that #mkr could actually find a tweet of mine acceptable for television ... Clearly there's not enough swearinâ€¦,girlwhowrites,,,Australia
20,2015-03-02 09:40:14+00:00,572330565417889792,These girls are not there for the cooking #MKR  What a joke. ğŸ‘ğŸ‘ ğŸ‘,AusTracey,,,Australia
21,2015-03-02 09:39:27+00:00,572330367249616897,"â€œ@emmadaisy___: They won't mind if it's not perfectly presented.

Really girls? Really? #MKRâ€ says the girls who are ""All about pretty!""",arlo_dog,,,"off the leash, Sydney"
22,2015-03-02 09:39:13+00:00,572330309141716993,mmmm #MKR Forget Deconstruction @lisamromano @garydlum @mattsparks88 THIS is Lemon Tart ğŸ‹ğŸ‹ğŸ‹ mmmm http://t.co/iiLigXbbzw,YumchaAddict,,,Sydney Australia
23,2015-03-02 09:38:35+00:00,572330150081134594,"â€œ@jgray0711: Refined &amp; pretty....again not the words I'd choose
#mkrâ€ Fuck &amp; shit would be my choice.",SueKennedy19,,,
24,2015-03-02 09:36:02+00:00,572329507283083264,Dad just thought that Will &amp; Steve were step father and son! Hahahahaha ğŸ˜‚ #MKR,cizzamate,,,australia.
25,2015-03-02 09:34:44+00:00,572329180198776833,shhhhhhhhhhhhhhhhhhhhhhhhhhhhhhhh #MKR â€” watching MKR Australia,MRCOFFEE76,,,
26,2015-03-02 09:33:36+00:00,572328894855966720,This part of the show is so awkward rn ğŸ˜ğŸ˜ #MKR,erfaanarif,,,"Sydney, Australia"
27,2015-03-02 09:33:02+00:00,572328752602071041,"Oh damn, she got it working! ğŸ˜¦ #mkr",Beck180275,,,"Sydney, Australia"
28,2015-03-02 09:31:58+00:00,572328485181521920,"Nicki's ""that's not good"" pout bought to you by Botox[â„¢].

#MKR",finicalgal,,,"Melbourne, Australia."
29,2015-03-02 09:31:32+00:00,572328372476375041,"RT @TheFIXninemsn: Can we stop deconstructing desserts please? Let's start a campaign, let's get some names on a clipboard, let's start a mâ€¦",SydneyEditor1,,,Sydney
30,2015-03-02 09:31:12+00:00,572328292319014912,"â€œ@SeaEph: It's got sass?

I obviously don't know wot sass is

#MKRâ€

Mostly just ASS I think...",LoadTaker35,,,Townsville Australia
31,2015-03-02 09:30:19+00:00,572328066715820032,"â€œ@squishilicious: A preview of the main #MKR (ok, actual food served to me by Gosford Hospital). Mmm carrots. http://t.co/KkOciqce8jâ€ WTF!!",SueKennedy19,,,
32,2015-03-02 09:30:02+00:00,572327998218637313,"RT @mickystre: â€œ@stweet_heart: I still refuse to believe that his real name is Drasko!
I'm sure that Drasko is a Drain Cleaner in Poland #Mâ€¦",ShadowerCatcher,,,
33,2015-03-02 09:29:53+00:00,572327957592608768,RT @PetaPan17: hahahaha Drasko HAS to be different to everyone elseâ€™s opinion #mkr,SKR_16,,,
34,2015-03-02 09:29:42+00:00,572327911375519744,"â€œ@kitteh09: â€œ@Oh_so_offensive: Next minute this is Steve and drasko in the corner.. #mkr http://t.co/bIdM5N2BrDâ€ is it cooked though?â€
ROFL",LoadTaker35,,,Townsville Australia
35,2015-03-02 09:29:25+00:00,572327840059932672,RT @GordyPls: I have that actual model icecream churner. They should've just done what I do and emptied three Smirnoff Ices into it. #mkr #â€¦,Renerzzz,,,"Melbourne
"
36,2015-03-02 09:28:16+00:00,572327554528374784,â€œ@OFFICIAL_TAY_AU: @mykitchenrules THE #KillerBlondes RIGHT NOW ğŸ˜‚ğŸ˜œğŸ’ #MKR http://t.co/KjvHQhHIwSâ€ lmaooooo,mattytattat,,,"Sydney, Australia"
37,2015-03-02 09:26:50+00:00,572327192530583552,â€œ@squishilicious: How do you deconstruct a lemon tart? ... #mkrâ€ I think you drop it on the floor then scrape it into a bowl,arlo_dog,,,"off the leash, Sydney"
38,2015-03-02 09:25:52+00:00,572326950057844736,RT @colonelkickhead: Deconstructed lemon tart!....can we please go just one season of #MKR without someone calling something deconstructed.â€¦,No_KitchenRules,,,
39,2015-03-02 09:24:32+00:00,572326612114399232,"When life gives you lemon tart, Instagram photos of them and add #Lemons, #LemonSwag, and #UJealous. #MKR ğŸ´",Imrealwill,,,
40,2015-03-02 09:24:05+00:00,572326501678362624,hahahaha Drasko HAS to be different to everyone elseâ€™s opinion #mkr,PetaPan17,,,Melbourne
41,2015-03-02 11:59:54+00:00,572365712074792960,There's nothing sassy about a hot pot. ğŸ˜ #mkr,leesh_clair,,,"Perth, WA"
42,2015-03-02 11:30:43+00:00,572358366837661696,RT @missclarolyn: That entrÃ©e looks foul &gt;.&lt; #MKR,AutisticNickAU,,,"Perth, Western Australia"
43,2015-03-02 11:19:28+00:00,572355535002996737,RT @SueKennedy19: â€œ@benpobjie: â€œAnd so weâ€™ll have whittled 18 down to 14 in just a few short monthsâ€ #MKRâ€ Knife fight in the car park woulâ€¦,AutisticNickAU,,,"Perth, Western Australia"
44,2015-03-02 11:09:13+00:00,572352957938712577,"Forget #MKR, @nellskies has unveiled â€œThe Empire State of Cheeseâ€. #AboutTonight31",Comedy_31,,,"C31 Studios, William St, Melb"
45,2015-03-11 16:38:47+00:00,575697385864691712,RT @citywide25: #mkr  @ScreechDinero @AtlanticRecords @BadBoyRecords @CapitolRecords @ColumbiaRecords @ColumbiaUK @DefJamRecords http://t.câ€¦,ScreechDinero,,,"Cleveland, OH"
46,2015-03-11 13:45:41+00:00,575653822334271490,Welcome back Colin. â¤ï¸you #mkr #mkr2015,photogfrog,,,Brisbane
47,2015-03-11 13:23:56+00:00,575648350172676096,"RT @TheOnlyAnimal93: Kat and Andre are bad representatives of Perth. Non WA's, I promise most people in Perth are more like Eva &amp; Debra! #mâ€¦",meljay1314,,,Lost In Neverland
48,2015-03-11 13:20:06+00:00,575647387537948672,@TheOnlyAnimal93 But we do have Eva and Debra and they seem lovely ğŸ˜Š #mkr,ChannyBH,,,Whadjuk Boodjar
49,2015-03-11 13:06:44+00:00,575644023278305280,Been dying for a ğŸš¬ all of #MKR. #smokerlife,sarah_coma,,,
50,2015-03-11 13:03:07+00:00,575643113219190784,RT @nathanrodger: If Kat &amp; Andre were drowning in a river &amp; you only had the chance to save one of them... what type of sandwich would you â€¦,Ryansrule,,,Australia
51,2015-03-11 13:01:34+00:00,575642721211166720,hopes Kat &amp; Andre are ashamed of themselves as theyâ€™re watching the telly tonight. #MKR,_Just,"Place(fullName='Perth, Perth (WA)', name='Perth', type='neighborhood', country='Australia', countryCode='AU')","Coordinates(longitude=115.82716608, latitude=-31.97288997)","Perth, Western Australia."
52,2015-03-11 13:00:50+00:00,575642539010617345,WHAT THE HECK!!! Kat and Andre definitely do NOT deserve to say in #mkr!! So so angry right now ğŸ˜¡,lexjford,,,Australia
53,2015-03-11 12:51:36+00:00,575640214082715648,RT @SevenPerth: The countdown is on until #crabfest15! See our local #MKR teams on The Good Guys Cooking stage http://t.co/McL1z1D9TC http:â€¦,Kleenheat,,,"Perth, Western Australia"
54,2015-03-11 12:51:12+00:00,575640113583112193,#katandandre What horrible humans!! Yuck. Just watching them makes me lose my appetite.Their nastiness just oozes from their pores! #mkr ğŸ˜ğŸ˜ğŸ˜,Ge1shaGirl,,,Western Australia
55,2015-03-11 12:50:27+00:00,575639923455229953,RT @SimonLeong: The only thing that seems to be screwing up tonight is Kat's face @mykitchenrules #MKR #MKR2015 #waworkmates http://t.co/7Iâ€¦,GazaniaSocial,,,
56,2015-03-11 12:48:17+00:00,575639379349143552,Mmmm Apple pie and icecream ğŸ¦ğŸ ...I want some. #mkr,melissajaneu,,,Australia
57,2015-03-11 12:33:28+00:00,575635651607072769,Can't sleep and came across this ğŸ˜‚ğŸ˜‚ğŸ˜‚ğŸ˜‚ #mkr #mykitchenrules #thegoblin #mkr2015 https://t.co/whC8x5HlKX,crystal_conte,,,"Victoria, Australia"
58,2015-03-11 12:31:11+00:00,575635077515759618,â€œ@mykitchenrules: OMG! They have been double ding-donged! #SAsweethearts #MKR http://t.co/EoE5D8xPN0â€ I hope u guys will win good luck,DlyanDlyanhamma,"Place(fullName='Perth, Western Australia', name='Perth (WA)', type='city', country='Australia', countryCode='AU')","Coordinates(longitude=115.83917968, latitude=-31.81390315)",
59,2015-03-11 12:19:20+00:00,575632094413516800,Don't like these girlsğŸ‘¿ #MKR #bishes no offence girls ğŸ˜‹ğŸ˜‹,kayla_ashlea,,,
60,2015-03-11 11:51:33+00:00,575625100436897792,"ah, Lincoln says he has the exact shirt like Rob's navy shirt, how funny is that? lol XD missed #mkr #RobandDave ğŸ’‹ğŸ’¬ğŸ‘”âœ¨ http://t.co/1ErMQwFeDm",sngo1982,,,
61,2015-03-11 11:49:54+00:00,575624687067078656,Kat and Andre make me want to punch happy things ğŸ˜¡ #mkr,kerrieehoward,,,
62,2015-03-11 11:43:25+00:00,575623055696732161,Well I wonder what coming up on MKR............. ğŸ˜ˆ#MKR #fourinhand #fourinhandhotel #colinfassnidgeâ€¦ https://t.co/K2ez4PK7N7,Fassnidge73,,,"Paddington, Sydney"
63,2015-03-11 11:39:27+00:00,575622058551476224,"RT @bronny25: Kat&amp;Andre Monday: ""People have voted strategically, how rude!!"" Kat&amp;Andre tonight: Votes strategically for the third time in â€¦",Jimmbaland,,,
64,2015-03-11 11:30:01+00:00,575619683669446656,"""@_THE_DOGFATHER_: [â™ ï¸]]]] #RETWEET

[[[[â™¥ï¸] FOLLOW ALL WHO RT

[â™£ï¸]]]] FOLLOWBACK
 
[[[[â™¦ï¸] GAIN WITH #Mkr",bernardmuthuri,,,"Shaanxi, People's Republic of "
65,2015-03-11 11:18:20+00:00,575616741922963456,"RT @Itsjust55496420: I wasn't going to boycot MKR but the fact the Manu, Pete, the directors &amp; producers have chosen to ignore blatant straâ€¦",GohJarrod,,,
66,2015-03-11 11:10:31+00:00,575614774563598338,Seriously can't believe Kat &amp; Andre are still in the competition ğŸ˜¤ #mkr,CarolineAMac,,,Australia
67,2015-03-11 11:08:57+00:00,575614381163065344,RT @ScheherazadeM: Kat &amp; Andre you ONLY got through tonight because of your scoring. Why smile? Means u can't cook u have to cheat. Sad. #mâ€¦,PeterBlahBlah,,,Gold Coast Australia
68,2015-03-11 11:07:20+00:00,575613975536099330,The sooner the better â€œ@Rosie_Pimm: Who else is looking forward to Kat and Andre's pending elimination #mkrâ€,CoachGiorgio,,,Melbourne
69,2015-03-11 11:07:04+00:00,575613907240419328,@mykitchenrules Kat is a bully ğŸ˜ˆğŸ’©and she should be disciplined!Seriously she can't cook.what a clownğŸ‘ğŸ‘ğŸ‘ #mkr,eathealthyfood3,,,Sydney
70,2015-03-11 11:06:54+00:00,575613866752614400,"&amp; blondes scored fairly â€œ@K8ie_Mac: Devastated that Kat is still there, wasn't the biggest fan of blondes but liked them more than Kat #MKRâ€",CoachGiorgio,,,Melbourne
71,2015-03-11 11:02:16+00:00,575612699578621952,RT @Graciouswaterss: Wtf Kat and Andre are cheaters! THAT IS SO UNFAIR. THEY CANNOT GIVE SOMEONE 1. THEY SHOULD BE GONE. #mkr #katandandre â€¦,sueymac,,,
72,2015-03-11 10:58:00+00:00,575611624876171264,"#MKR Thatâ€™s rubbish. Fuck that. Donâ€™t even want to tune in tomorrow night. 
Kat and Andre should be going home. Mongrel hypocrites.",A_Total_Spaz,,,Aussie in Canada
73,2015-03-11 10:57:59+00:00,575611620715425792,Disappointing that #katandandre made it through #MKR ğŸ˜,DanaellaWivell,,,"Townsville, Queensland"
74,2015-03-11 10:47:22+00:00,575608951238057984,Kat &amp; AndrÃ© your PATHETIC #nomoresoseforyou #fuckwits  #mkr,sales88194029,,,"Dunwich, Queensland"
75,2015-03-11 10:34:23+00:00,575605680515629056,MANU JUST SASSED KAT AND IT WAS THE BEST THING I'VE SEEN/HEARD. Viva la France #MKR #mkr2015  ó¾“§,WhimsicalWinzar,,,Australia
76,2015-03-11 10:30:37+00:00,575604732158345216,"RT @lismarie56: And a collective ""FUCK YOU"" arises from across the country. Kat, you won't last 5 minutes against the other teams #mkr2015 â€¦",chellion,,,south australia
77,2015-03-11 10:29:27+00:00,575604441539158016,RT @colonelkickhead: Kat is going to be so smug she's going to be declared the particularly smug mayor of smugtown on the isle of smuggy #Mâ€¦,GidgitVonLaRue,,,Blue Mountains
78,2015-03-11 10:28:04+00:00,575604094372442112,"Ohmigosh! Kat &amp; Andre better be the next people to leave #MKRâ€¦ canâ€™t cook, strategic scoring. Disgraceful!!!!",chellion,,,south australia
79,2015-03-11 10:27:55+00:00,575604052773376000,That's BS!!!!!! It's a cooking show! Grrrr! ğŸ˜¡ğŸ‘ #mkr,annie_chaplin,,,"KADINA, SOUTH AUSTRALIA "
80,2015-03-11 10:25:43+00:00,575603502115786754,RT @sassystephen1: It's a FOOD competition. What if Kat and Andre cooked last and there was no opportunity for strategy? Poor sportsmanshipâ€¦,togezone,,,Twinleaf Town
81,2015-03-11 10:22:26+00:00,575602674193801216,"RT @mrmaskeddows: This bitch has no right to talk about fair and has no right to celebrate, I hope that they crash and burn they don't deseâ€¦",stephfafahh,,,Woiworung/ Verdansk
82,2015-03-11 10:20:04+00:00,575602079193923584,OMG!A friggin 1!What the?Wow! The 2 of U R disgraceful with absolutely no shred of good sportsmanship or redeemable qualities! ğŸ‘ğŸ˜¤ğŸ˜¤ğŸ˜¤ğŸ˜¡ğŸ‘¹ğŸ™Œ #mkr,annie_chaplin,,,"KADINA, SOUTH AUSTRALIA "
83,2015-03-11 10:19:39+00:00,575601974332231680,OH OH OHHHH KAT AND ANDRE...GET REKED! BAM MANU! ğŸ˜‚ğŸ˜‚ğŸ˜‚ğŸ˜‚ğŸ˜‚ #MKR,sarajessica96,,,"Sydney, Australia"
84,2015-03-11 10:17:41+00:00,575601481425887232,"RT @allankmelb: #MKR What's with all the ""It's not what we were expecting."" Judge what's put in front of you, not what you think should havâ€¦",Sant000000,,,"Adelaide, Australia"
85,2015-03-11 10:12:41+00:00,575600222807588864,I have heard on the grapevine that Kat &amp; AndrÃ¨ are patenting all of they're recipes &amp; bring out a cook book soon...stay tuned for more  #mkr,sales88194029,,,"Dunwich, Queensland"
86,2015-03-11 10:10:24+00:00,575599648523464704,â€œ@FakeToniaTodman: Kat and Andre are now more hated than Adam and Carol. #mkrâ€ And that's saying something!,SueKennedy19,,,
87,2015-03-11 10:09:13+00:00,575599349977079808,â€œ@Sam__1985: Notice we didn't see Kat and Andre in any of those cut aways?  #mkrâ€ Yay!,SueKennedy19,,,
88,2015-03-11 10:07:58+00:00,575599033328119808,"Top comment from Eva Lean @MKR â€œwe didnâ€™t want to be the mean girls or the bitchy ones, we just wanted to make our families proud."" #MKR",BendItStraight,,,
89,2015-03-11 10:06:58+00:00,575598780357083137,"#MKR Kat and Andre don't like anything but yet AndrÃ©s plate was clean funny that, fuck off already guys",AutisticNickAU,,,"Perth, Western Australia"
90,2015-03-11 10:06:09+00:00,575598575335288832,â€œ@sammyj__: Damn you Kat &amp; Andre! Hope karma comes around and bites you in the arse!!! #mkrâ€ It will- I'm a believer in karma,SueKennedy19,,,
91,2015-03-11 10:05:26+00:00,575598398453104640,Ash is back ğŸ‘ğŸ’ #mkr http://t.co/AKeINCETnT,fabulousnwitty,,,"Brisvegas + Sydney, Australia"
92,2015-03-11 10:05:25+00:00,575598391666724864,OMG ğŸ˜± I have a feeling Iâ€™m  going to be overwhelmed ğŸ˜± by my emoticons in tomorrowâ€™s #mkr ğŸ˜±ğŸ˜°ğŸ˜…ğŸ˜œğŸ˜€ğŸ˜©ğŸ˜¨ğŸ˜±ğŸ˜±,mcsquirta,,,Sydney (É¹ÇpunuÊop)
93,2015-03-11 10:05:17+00:00,575598358938566656,#mkr not sure if anyone noticed but kat and andre aren't in any of the promos...I'd say they get the bootğŸ‘¢pretty eay!,suzyqsmiley,,,
94,2015-03-11 10:03:43+00:00,575597965974245376,Manu just shut her up ğŸ˜‚ğŸ™ŒğŸ™Œ #mkr,kaylapara,,,"Adelaide, South Australia"
95,2015-03-11 10:02:03+00:00,575597543205175296,"#MKR Nope, fuck that bullshitâ€¦",qwertimus,,,Australia
96,2015-03-11 10:01:41+00:00,575597451060490241,Yay the Texans back! Luv that dude ğŸ˜˜ #mkr,Cillagirl,,,Melbourne
97,2015-03-11 10:01:36+00:00,575597431145914368,#mkr devo @EmilySymons_ . Oh  well .... Big breath and time to move on ğŸ˜’,LynneMcGranger,,,Sydney
98,2015-03-11 10:00:23+00:00,575597125070798848,Yay Colin's back â˜º Nice to hear that sexy Irish accent #mkr,SharkieGirl5,,,Australia
99,2015-03-11 10:00:04+00:00,575597043982315521,cannot stand Kat on #mkr ! ğŸ˜¡,alissaababby,,,SYDNEY
100,2015-03-11 09:59:55+00:00,575597008326500352,"Colin looking very snazzy tonight, nice suit ğŸ‘Œâœ¨#mkr @mykitchenrules @FourinHand",clovar,,,Australia
101,2015-03-11 09:59:41+00:00,575596947924373504,OH HAI ROBERT ğŸ˜ #mkr,OhEmGeeBee,,,"Mornington Peninsula, VIC"
102,2015-03-11 09:59:38+00:00,575596938206314496,Kind of sad to see the girls go ğŸ˜ kind of #mkr #mkr2015 @mykitchenrules,hazuki3,,,instagram - anniejane3
103,2015-03-11 09:59:37+00:00,575596933193977856,"sad to see the girlz go ahhhhh ğŸ‘¸ğŸ‘¸ best of luck, boyz more ur thing #MKR",joannalawry,"Place(fullName='Sydney, New South Wales', name='Sydney', type='city', country='Australia', countryCode='AU')","Coordinates(longitude=151.24278742, latitude=-33.8238503)","MOSMAN, SYDNEY, NSW, AUSTRALIA"
104,2015-03-11 09:59:22+00:00,575596869138579456,#MKR Wowzas.. They aren't going home just because of strategies &amp; Krazy Kat ğŸ˜¼,mmilly,,,Australia
105,2015-03-11 09:58:19+00:00,575596604356427776,I don't think Kat &amp; Andre deserve to be in the competition anymore ğŸ˜¡ #mkr2015 #mkr,Sherbie_89,,,australia
106,2015-03-11 09:57:43+00:00,575596453021638657,Weâ€™ve just said goodbye to another team! Are you happy with tonightâ€™s elimination result? #mkr,mykitchenrules,,,
107,2015-03-11 09:57:10+00:00,575596317931495425,I hate kat and andre ğŸ˜¡ğŸ˜’ #mkr,monster_mia,,,Wakanda
108,2015-03-11 09:56:44+00:00,575596208317562880,"maybe #mkr Katie &amp; Nikki should open an #icecream store, since it's only best thing the ppl over the dinner table. idk it could work 4 'em ğŸ’‹",sngo1982,,,
109,2015-03-11 09:56:22+00:00,575596115581534209,"RT @twista202: Kat and Andre are absolutely nasty. If you wanted to stay, you should have cooked well instead of resorting to low, unfair sâ€¦",jadeelouiisee,,,"Melbourne, Victoria"
110,2015-03-11 09:56:12+00:00,575596073848172546,1âƒ£7âƒ£ from contestants jeezzz it wasn't that bad #wtf #MKR,joannalawry,"Place(fullName='Sydney, New South Wales', name='Sydney', type='city', country='Australia', countryCode='AU')","Coordinates(longitude=151.24276822, latitude=-33.82393388)","MOSMAN, SYDNEY, NSW, AUSTRALIA"
111,2015-03-11 09:55:05+00:00,575595792746049537,RT @LynneMcGranger: #mkr what are the chances of the safe teams strategically marking UP the #blondebutchers ?? I'd put my chicken's liversâ€¦,Sant000000,,,"Adelaide, Australia"
112,2015-03-11 09:54:17+00:00,575595590358192128,It would be really funny if they kicked out the 2 lowest teams as a surprise wouldn't it! ğŸ˜‰ #mkr #mkr2015,MsDodgyDog,,,"Sydney, Eora Nation"
113,2015-03-11 09:53:54+00:00,575595495529189378,@Forking_Awesome ğŸ˜‚ I was laughing at the #MKR Kat &amp; Andre hate tweets and    recognized you. We share the same hate.,philippakate89,,,"Newcastle, Australia"
114,2015-03-11 09:53:54+00:00,575595495038451712,"RT @Jeffmister: I've said it before, I'll say it again - strategic scoring should result in a penalty being apply to the offending team/s (â€¦",arlo_dog,,,"off the leash, Sydney"
115,2015-03-13 20:57:55+00:00,576487374017826816,Scoring strategically doesn't prove you're a good cook ğŸ´ #mkr #katandandre @mykitchenrules,CindyTran_,"Place(fullName='Sydney, New South Wales', name='Sydney', type='city', country='Australia', countryCode='AU')","Coordinates(longitude=151.20709881, latitude=-33.88419043)",Sydney
116,2015-03-13 19:59:07+00:00,576472578769874944,ğŸ˜¡ğŸ˜¡ Damit!! That sucks #MKR,handlemytweeets,,,Watching TV
117,2015-03-13 11:07:28+00:00,576338783609704449,RT @YumchaAddict: mmmm Cooking Wild Duck on SBS1 now @lisamromano @heidi_han @garydlum @topdrive496 ğŸ—ğŸ— #MKR #Foodie TV mmmm http://t.co/Z6Eâ€¦,cantonesesosage,,,#SouthAfrica #Johannesburg 
118,2015-03-13 11:02:41+00:00,576337579936743424,RT @YumchaAddict: mmmm What are your fave #Yumcha #DimSum dumplings? LOVE Chinese #Food worldwide @binksterb @kittyholiday #MKR mmmm http:/â€¦,cantonesesosage,,,#SouthAfrica #Johannesburg 
119,2015-03-13 09:49:11+00:00,576319082326306816,@XinhBerreman I've always wanted to use that word in a sentence Xinh!ğŸ˜‚ #mkr,IrinaLV143,,,Wurundjeri Land â˜€ï¸ğŸŒ§â„ï¸ğŸ‚ğŸšƒ
120,2015-03-13 07:06:45+00:00,576278205700517888,"Kat, maybe you should shelve that schadenfruÃ«de towards Annie/Lloyd until you get your own judges' critiques.
#mkr #mkr2015",XinhBerreman,,,"north hollywood, california"
121,2015-03-13 06:26:42+00:00,576268126041468928,"RT @arozenbachs: Pete Evans says his critics will eat humble pie. Although the humble pie will be made from raw mammoth, acorns and grass. â€¦",leenielouuu,,,STRAYA
122,2015-03-13 00:44:10+00:00,576181925741727744,".@larryemdur: â€œI just want to reach over and touch her hairâ€¦â€ So do we, Laz! Full video: https://t.co/5CzdotonBV #MKR http://t.co/IGSqq5JZ8j",mykitchenrules,,,
123,2015-03-12 22:05:15+00:00,576141932646158336,RT @Mamamia: Is it time for Channel 7 to reconsider their association with the dangerous man? #mmia #mkr http://t.co/8mvBYhsgV5 http://t.coâ€¦,chilichips1,,,
124,2015-03-12 19:30:24+00:00,576102962654646272,â€˜My Kitchen Rulesâ€™ Camping Challenge: Ash &amp; Camilla Win Peopleâ€™s Choice [VIDEO] http://t.co/nQ9SEvE6m7 #mkr,chelean,,,
125,2015-03-12 19:03:05+00:00,576096089956343809,RT @YumchaAddict: mmmm YUM Love @LisaMRomano's chestnut gnocchi roasted in creamy caramel http://t.co/PEwHpKEpNM #Aussie #Food @alanwphotosâ€¦,AlanWPhotos,,,"Irvine, North Ayrshire"
126,2015-03-12 15:33:02+00:00,576043229159796736,RT @YumchaAddict: mmmm YUM Love @LisaMRomano's chestnut gnocchi ready to be boiled http://t.co/ejN3CgV6Ed #Aussie #Food @JosepCarmona @firsâ€¦,JosepCarmona,,,"Barcelona, Spain "
127,2015-03-12 12:58:32+00:00,576004348179660800,'It tastes like cardboard. They made cardboard' #mkr ğŸ˜‚,Kimmyjsb,,,Australia
128,2015-03-12 12:41:01+00:00,575999939278311424,Haha Colinâ€™s a crackup #mkr,harrypotter1994,,,"Perth, WA, Australia"
129,2015-03-12 12:36:12+00:00,575998725971054592,"they played ready to run on #mkr tonight, still not over it ğŸ™ˆ",infiniteashx,,,"Melbourne, Victoria"
130,2015-03-12 12:24:09+00:00,575995695414403072,You thought meatballs was going to win peopleâ€™s choice for a brekky dish? Just coz u have it doesnâ€™t mean everyone else does #MKR,harrypotter1994,,,"Perth, WA, Australia"
131,2015-03-12 11:45:07+00:00,575985870534127616,Never understood how people can do ikea flat pack but canâ€™t do a tent #mkr,harrypotter1994,,,"Perth, WA, Australia"
132,2015-03-12 11:23:46+00:00,575980498004000768,"â€œ@hosty4: Haaaaha! Good one!
But marge, I'm missing the chili cook off! #MKR http://t.co/uiDFgxnRpcâ€",purplequilter77,,,"Melbourne, Australia"
133,2015-03-12 11:15:53+00:00,575978511774535680,RT @TVWEEKmag: #katandandre might have to eat her words after receiving some not so great feedback on their ham and gruyere dish. #MKR #tvwâ€¦,coco_cat,,,Queensland
134,2015-03-12 11:14:14+00:00,575978099902316544,#MKR it's a fix! Kat and AndrÃ© not in sudden death? Wtf!?,AutisticNickAU,,,"Perth, Western Australia"
135,2015-03-12 11:08:44+00:00,575976712795656192,"#MKR I'm shocked people enjoyed Kat and AndrÃ©s bread slop, proof ppl will eat anything",AutisticNickAU,,,"Perth, Western Australia"
136,2015-03-12 10:55:15+00:00,575973320861995008,Oh Kat &amp; AndrÃ© when will you learn that you shouldn't go mouthing off and acting smug like you do! Biggest idiots this year. #mkr,ChantelleFrase1,,,"Gracemere, Queensland"
137,2015-03-12 10:53:30+00:00,575972880619466754,Harsh but true MT @newscomauHQ: Australia has a new â€˜most hated coupleâ€™ http://t.co/gGoFvMVTEq http://t.co/9iP0tDp7mg #MKR,foodtemple,,,Australia
138,2015-03-12 10:48:07+00:00,575971524659675136,RT @TVWEEKmag: What do you think of the new judging combo? Is this the start of a beautiful bromance? #manuwho? #MKR #tvweekmag http://t.coâ€¦,Fassnidge73,,,"Paddington, Sydney"
139,2015-03-12 10:42:39+00:00,575970149578092544,RT @Kiri13: Catching up on last nights #MKR and yes Kat &amp; Andre are super annoying! ğŸ˜¡ğŸ˜¤,sporkinginparis,,,
140,2015-03-12 10:38:55+00:00,575969211446534144,"RT @TwitterAU: Your #MustTweetTV tonight: #MKR (@channel7), #TheBlock (@Channel9) #ImACelebrityAU, #GoggleBoxAU (@ChannelTen) and #CWC15 (@â€¦",shourovjeet1,,,"Dhaka , Bangladesh"
141,2015-03-12 10:30:21+00:00,575967055679127554,Can't believe that Kat and Andre are still in the competition ğŸ˜³ #mkr,Glen_Noyce,,,Brisbane
142,2015-03-12 10:28:02+00:00,575966469856632832,RT @annie_chaplin: Kat &amp; Andre &amp; those high fives... I just can't... Want to throw something at the TV!! Grrrr can't believe how much she aâ€¦,Nodonn3,,,Brisbane
143,2015-03-12 10:25:45+00:00,575965899330457600,"RT @CorinnaSladey: Okay @mykitchenrules you have played with us enough , now get rid of all the useless fucks &amp; get a real cooking comp hapâ€¦",Gloryandfame68,,,"Melbourne, Victoria"
144,2015-03-12 10:25:31+00:00,575965838404009984,"RT @mykitchenrules: â€œHereâ€™s the deal, cooking is cooking!â€ Ouch! You tell â€˜em, Colin! #mkr #hungrycampers #noexcuses",michellek4020,,,
145,2015-03-12 10:20:09+00:00,575964487813070848,RT @YumchaAddict: mmmm Watching SBS1 #Foodie TV now @LisaMRomano @heidi_han @garydlum @doriangray05 @mattsparks88 MUCH better than melodramâ€¦,FoodieTimes1,,,"West Lafayette, IN"
146,2015-03-12 10:13:09+00:00,575962728306753536,"#MKR  foooood ğŸ˜
@mykitchenrules",tianau_123,,,"Melbourne, Victoria"
147,2015-03-12 10:12:07+00:00,575962468205244416,"Annie &amp; Lloyd and Vicky &amp; Celine to sudden death. Ugh, Kat &amp; Andre should've been there too ğŸ˜’ #MKR",BerryPayneful,,,Australia
148,2015-03-12 10:11:34+00:00,575962326454640640,Going to make some pancakes.....Don't hve any strawberries ....ğŸ“ğŸ“ğŸ“ğŸ“but I hve bananas .....ğŸŒğŸŒğŸŒğŸŒ. ;))) #MKR,ChristineLockw2,,,Australia
149,2015-03-12 10:00:52+00:00,575959633568759809,Ash &amp; the brunette one People's Choice #mkr ğŸˆğŸˆğŸˆ http://t.co/NwMHtTHuGr,fabulousnwitty,,,"Brisvegas + Sydney, Australia"
150,2015-03-12 09:58:59+00:00,575959160317026306,Ash and Camilla are growing on me #MKR well done ğŸ‘,JessieWithAnE,,,Australia
151,2015-03-12 09:55:02+00:00,575958167051448320,One would think youâ€™d taste your food before you serve it....for seasoning ğŸ˜³ #puzzled #MKR #aus,LizannV,,,"Sydney, Australia"
152,2015-03-12 09:54:59+00:00,575958153260486656,Josh is such a mama's boy and sweetheart ğŸ˜Š #mkr,kiiiiiiiiiiimm,,,Australia - Sydney
153,2015-03-12 09:54:54+00:00,575958131764645888,@mykitchenrules  #katandandre maybe you should make sure your dish is up to scratch before you laugh at others #nasty #mkr #mkr2015 ğŸ˜‚ğŸ˜‚ğŸ˜‚,knalty,,,
154,2015-03-12 09:53:39+00:00,575957817829400576,RT @Oh_tobs: The producers saw gold when Kat walked in that door... ğŸ˜»ğŸ˜» #MKR,SKR_16,,,
155,2015-03-12 09:50:35+00:00,575957045402304513,"â€œHereâ€™s the deal, cooking is cooking!â€ Ouch! You tell â€˜em, Colin! #mkr #hungrycampers #noexcuses",mykitchenrules,,,
156,2015-03-12 09:50:23+00:00,575956995682930690,Good luck all #MKR teams ! Such a beautiful BBQ family place! ğŸ˜ @mykitchenrules,Giigii05K,,,
157,2015-03-12 09:49:22+00:00,575956742179135488,I love Celines humour ğŸ˜‚ #MKR,tracey_yip,,,Australia
158,2015-03-12 09:46:58+00:00,575956137192787969,Missing Robert and Lyndsey! ğŸ˜¢ where's our cowboy #mkr #mkr2015,hazuki3,,,instagram - anniejane3
159,2015-03-12 09:42:06+00:00,575954911453585408,It's disaster for SA! Our teams are shockers! Waahhh! ğŸ˜«ğŸ˜« Spewin'! Ripped off! Lol ğŸ˜‰ #mkr,annie_chaplin,,,"KADINA, SOUTH AUSTRALIA "
160,2015-03-12 09:40:31+00:00,575954512889917440,Haha yes... Kat and Andre failing!! KARMA MOTHERFCKERS ğŸ˜ #MKR,OliveWahh,,,"Melbourne, Victoria"
161,2015-03-12 09:40:07+00:00,575954413963108353,#Repost Watching #MKR #MKR2015 eating pork spare rib and quinoa cooked in pork fat with coâ€¦ http://t.co/c8sbQqdgVT http://t.co/1z0noCxDKi,garydlum,,,
162,2015-03-12 09:40:02+00:00,575954390390984704,Breakfast tostadas with no Mexican seasoning and extra arrogance = ğŸ˜›#MKR,HoneyChild_OZ,,,"Hobart, Tas"
163,2015-03-12 09:39:38+00:00,575954292953198592,Colin described it as a crime against cooking! Not sure weâ€™d be ordering that for breakfast! #mkr #hungrycampers,mykitchenrules,,,
164,2015-03-12 09:37:53+00:00,575953851779452929,"@GidgitVonLaRue exactly, how the hell do you fuck up breakfast ğŸ˜±ğŸ™ˆğŸ™€ğŸ’‰ #mkr",CorinnaWho,,,Australia
165,2015-03-12 09:35:13+00:00,575953179612848128,"Uncooked egg....ğŸ˜· vomit
#mkr",jgray0711,,,
166,2015-03-12 09:34:47+00:00,575953071173427200,"Hmm, not sure weâ€™d like to eat Vicky and Celineâ€™s breakfast if it tastes anything like it looks! #mkr #hungrycampers",mykitchenrules,,,
167,2015-03-12 09:32:49+00:00,575952577252171778,RT @mickystre: #MKR hot bodies in @NewIdeamagazine ?  Ok Celine just need you to take a step to the right .. Little more .... Bit further. â€¦,KelAnne_,,,Australia
168,2015-03-12 09:29:54+00:00,575951843269844994,"Maple Bacon and Zucchini Fritters, looks so yummy! ğŸ· @mykitchenrules #mkr2015 #mkr",__Miss_Sarah__,,,"Melbourne, Victoria"
169,2015-03-12 09:28:58+00:00,575951605201117184,The Blonde cuties r yet 2 serve! Oh dear ğŸ˜£ &amp; Meatballs 4 Brekky? Im just lookin 4ward 2 catty Cat &amp; Andre 2 fail @mykitchenrules #mkr,__Miss_Sarah__,,,"Melbourne, Victoria"
170,2015-03-12 09:28:43+00:00,575951544232861696,RT. I know which nasty team I don't want camping near me! @mykitchenrules: Time to go camping! #mkr #hungrycampersâ€,australiacamper,,,"Adelaide, Australia"
171,2015-03-12 09:28:18+00:00,575951440855736320,I agree with you! â€œ@mrjb88: Sherri and Emilie not serving anything yet oh dear lord I don't need this stress in my life #mkr #mkr2015â€,fabiannormann,"Place(fullName='Sydney, New South Wales', name='Sydney', type='city', country='Australia', countryCode='AU')","Coordinates(longitude=151.16426969, latitude=-33.89506366)",Sydney
172,2015-03-12 09:28:13+00:00,575951417921261568,I forgot how annoying Drasko is ğŸ˜¡ğŸ”«#mkr2015 #mkr,lismarie56,,,
173,2015-03-12 09:27:19+00:00,575951193354039298,"Meatballs for breakfast , you truly are stupids ğŸ˜±ğŸ‘#mkr",CorinnaWho,,,Australia
174,2015-03-12 09:21:52+00:00,575949819824345088,Yum!! Those pancakes from Jac &amp; Shaz look amazing â˜º #mkr,SharkieGirl5,,,Australia
175,2015-03-12 09:20:06+00:00,575949376411017217,Watching #MKR #MKR2015 eating pork spare rib and quinoa cooked in pork fat with coleslaw #dinnerâ€¦ https://t.co/syGnniLddM,Yummy_Lummy,,,Somewhere yummy
176,2015-03-12 09:20:04+00:00,575949368294952960,@hidden_horcrux Paleo Pete ğŸ˜„ #MKR,Weeezza,,,Melbourne Australia
177,2015-03-12 09:18:29+00:00,575948967197863936,"""@TheHausOfKunte: Id rather feed the hungry campers at last weekends #SydneyMardiGras just quietly ğŸ˜±ğŸ˜œ #MKR"" so would lloyd",jgray0711,,,
178,2015-03-12 09:18:24+00:00,575948948843552769,RT @tahliaandfamily: Ready to run playing as mkr background music ğŸ˜ğŸ‘Œ #mkr,nglemily,,,Sydney
179,2015-03-12 09:17:38+00:00,575948754139803648,â€œ@TheHausOfKunte:Too many contestants makes a Kunte quickly loose interest #MKR #WhoAreHalfThesePeopleâ€ YES!! How many rounds *were* there?!,caseyfinleyy,,,
180,2015-03-12 09:17:11+00:00,575948640545464321,Glad Colin in back on #mkr but missing Manu!!! Stressful night tonight!!! Good luck guys!! ğŸ˜ @mykitchenrules,maddevie,,,"Bournemouth, England"
181,2015-03-12 09:15:51+00:00,575948307593199617,Ready to run playing as mkr background music ğŸ˜ğŸ‘Œ #mkr,tahliaandfamily,,,
182,2015-03-12 09:15:38+00:00,575948250210942976,Ready To Run playing in the background of #MKR ğŸ˜ğŸ˜ğŸ˜,HeyyitsSheridan,,,
183,2015-03-12 09:15:19+00:00,575948173585199104,"Sheesh you would know about elephants comin at ya my dear , look in the mirror ğŸ˜œğŸ˜± #mkr",CorinnaWho,,,Australia
184,2015-03-12 09:14:20+00:00,575947923332136961,â€œ@mykitchenrules: Do you prefer a sweet or savoury breakfast? #mkr #hungrycampersâ€ Pancakes all the way!!!,nansy_e,,,"Sydney, Australia"
185,2015-03-12 09:13:47+00:00,575947787474460672,Pancakes are looking delicious #mkr ğŸ˜‹,OlieCoco,,,
186,2015-03-12 09:11:19+00:00,575947167447154689,What the.. Who eats meatballs for breakfast? #MKR ğŸ˜·,XHSMGX,,,Australia
187,2015-03-14 11:31:54+00:00,576707321025286144,Round 2 of #MKR you guys did an amazing job zeebie05 !! Starting to get anxious about our turn #MKRâ€¦ https://t.co/w2sCY5Whyr,AdamPorter1,,,Brisbane
188,2015-03-14 11:17:58+00:00,576703811961532416,Pete Evans writes a paleo book for babies and toddlers.... WHAT WERE YOU THINKING??!! #peteevans #mkr #ridiculous ğŸ˜ ,AlannahKHiggins,"Place(fullName='Melbourne, Victoria', name='Melbourne', type='city', country='Australia', countryCode='AU')","Coordinates(longitude=145.08564091, latitude=-38.19827417)","Melbourne, Victoria"
189,2015-03-14 10:17:42+00:00,576688648546058241,just robert from #MKR ğŸ’ https://t.co/61zn3V7WHV,heyheykatee,,,cbr â€¢ aus
190,2015-03-14 08:19:07+00:00,576658802910494720,The Lorax has the same doorbell as #MKR ğŸ˜…,SarahKate_M,,,
191,2015-03-14 06:36:32+00:00,576632989699977216,#mkr #mkrnz #Aotearoa #pasifika #TÄtou https://t.co/1BZTHMH4xe,MKRAaronHeather,,,Palmerston North
192,2015-03-14 00:49:27+00:00,576545641381249024,RT @YumchaAddict: mmmm Vietnamese Chilli Chook @lisamromano @garydlum @doriangray05 @binksterb @kittyholiday ğŸ—ğŸ—ğŸ— #MKR mmmm http://t.co/EF9Jâ€¦,Lerue21,,,Americaâ„¢ Corp. 
193,2015-03-14 00:48:20+00:00,576545363324067842,"@mykitchenrules: Only 5 more episodes &amp; I'm up to date on the #MKR recordings lol! :â€¢)
http://t.co/DBSapQDJZl",AnneLuvsJesus,,,
194,2015-03-14 00:36:50+00:00,576542466238713856,RT @sammy_tim84: Cravings met ğŸ‘ #MKR #MyKitchenRules #MasterChef #SammysKitchen #SammysCooking #FoodPorn #foodieâ€¦ https://t.co/prerN5e5jm,FoodieTimes1,,,"West Lafayette, IN"
195,2015-03-14 00:36:20+00:00,576542340556324864,Cravings met ğŸ‘ #MKR #MyKitchenRules #MasterChef #SammysKitchen #SammysCooking #FoodPorn #foodieâ€¦ https://t.co/prerN5e5jm,sammy_tim84,"Place(fullName='Adelaide, South Australia', name='Adelaide', type='city', country='Australia', countryCode='AU')","Coordinates(longitude=138.64115833, latitude=-34.76643333)","Brisbane, Queensland"
196,2015-02-03 19:55:18+00:00,562700876117442561,RT @brianvhughes: Vivek Wadhwaâ€™s appropriation of Women In Tech is so bad it has a hashtag! #stopWadhwa2015 The MR by @ameliagreenhall: httâ€¦,randileeharper,,,"Portland, OR"
197,2015-02-03 20:30:26+00:00,562709720554029057,"RT @nihonmama: ""women should let the boys have their social media, while they save the world.â€ ~@wadhwa 

Enough said. 

Thanks @ameliagreeâ€¦",randileeharper,,,"Portland, OR"
198,2015-02-03 21:34:24+00:00,562725815801372674,"RT @coda: Shorter @wadhwa: â€œLOOK. LOOK. LOOK AT ME.â€

https://t.co/l5wjGQv2mD",randileeharper,,,"Portland, OR"
199,2015-02-03 22:32:50+00:00,562740521798733826,"RT @femfreq: Actual conversation, because Iâ€™m living in Bizzaro World: ""How many death threats is that now?â€ Me: â€œAre you asking all time oâ€¦",randileeharper,,,"Portland, OR"
200,2015-02-04 00:24:41+00:00,562768670934708224,@SadSuspenders ğŸ˜³,randileeharper,,,"Portland, OR"
201,2015-02-04 00:26:20+00:00,562769087219388416,@KaitlynBurnell I dunno. Maybe! I am bad at everything involving flirting and dating tho ğŸ˜›,randileeharper,,,"Portland, OR"
202,2015-02-04 03:57:59+00:00,562822350413266944,Yo /baph my address was never even that apartment. Why are you so dumb? ğŸ˜œ https://t.co/usngQfjkjo,randileeharper,,,"Portland, OR"
203,2015-02-04 07:08:44+00:00,562870352007950337,"Hey, #gamergate, ğŸ˜˜ğŸ˜˜ğŸ˜˜ğŸ˜˜ğŸ˜˜ğŸ˜˜ğŸ˜˜ğŸ˜˜ğŸ˜˜ğŸ˜˜ğŸ˜˜ğŸ˜˜ğŸ˜˜ğŸ˜˜ğŸ˜˜ğŸ˜˜ğŸ˜˜ğŸ˜˜ğŸ˜˜ğŸ˜˜ğŸ˜˜ğŸ˜˜ğŸ˜˜ğŸ˜˜",randileeharper,,,"Portland, OR"
204,2015-02-04 07:38:16+00:00,562877787045101568,@bryneaux ğŸ˜Š,randileeharper,,,"Portland, OR"
205,2015-02-04 07:56:27+00:00,562882361269157888,It's about harassmentâ€¦ and street fights? http://t.co/Vc2ILWf0fd,randileeharper,,,"Portland, OR"
206,2015-02-04 17:45:35+00:00,563030623326310403,"@chaeronaea is it weird that 1st time I saw sacco on Twitter I was like ""that's @chaeronaea's fiancÃ©""? usually it's the other way around.",randileeharper,,,"Portland, OR"
207,2015-02-04 17:55:59+00:00,563033238785241088,@adriarichards happy birthday ğŸ˜ƒ,randileeharper,,,"Portland, OR"
208,2015-02-04 19:21:00+00:00,563054632570982402,@RealityForger @lastcontract ğŸ‘,randileeharper,,,"Portland, OR"
209,2015-02-04 21:11:56+00:00,563082550504349699,"RT @kerrizor: â€œTo start, @Wadhwa needs to shut up about women in tech already!â€

http://t.co/Z8IbGNjVsX",randileeharper,,,"Portland, OR"
210,2015-02-05 04:56:45+00:00,563199528220647425,@UnitePink my apt complex turns away all packages â¤ï¸,randileeharper,,,"Portland, OR"
211,2015-02-05 07:08:47+00:00,563232753991163904,it's becoming clear that I need to find more people in SF that are press/corporate competent so I can write some gd code ğŸ˜œ,randileeharper,,,"Portland, OR"
212,2015-02-05 07:57:27+00:00,563245001023299586,"@ashelia no. No no no. I am a sock trollop, don't be an enabler. I don't need more socks after âš¡ï¸âš¡ï¸THISâš¡ï¸âš¡ï¸ http://t.co/4XtOSYXDL7",randileeharper,,,"Portland, OR"
213,2015-02-05 12:00:25+00:00,563306145444425728,RT @NoToFeminism: I donâ€™t need femisnn i heard femists were trying to write a book sequel called To Mock a Meningbird,randileeharper,,,"Portland, OR"
214,2015-02-05 12:01:02+00:00,563306298788151300,"RT @NoToFeminism: I donâ€™t need femisnsn because men carry heavy things that i cannot!!! like shopping, boxes, and a huge sense of superioriâ€¦",randileeharper,,,"Portland, OR"
215,2015-02-05 12:59:20+00:00,563320973277945856,ğŸ˜˜ http://t.co/2QGNWHP3DE,randileeharper,,,"Portland, OR"
216,2015-02-05 13:07:06+00:00,563322925944553472,"@Xanthe_Cat nice to know I made him mad, then ğŸ˜œ",randileeharper,,,"Portland, OR"
217,2015-02-05 19:18:02+00:00,563416275779457025,@DoctorAvenue sorry ğŸ˜Ÿ,randileeharper,,,"Portland, OR"
218,2015-02-05 19:40:06+00:00,563421828131983361,Now doing this to all my cables. â€œ@officedepot: Keeping your gear ready at a moments notice! #GearLove http://t.co/8HvNZgNFjTâ€,randileeharper,,,"Portland, OR"
219,2015-02-06 00:48:11+00:00,563499361401720833,Just in case anyone is down for some meatballsâ€¦ http://t.co/2nFAlurR8s,randileeharper,,,"Portland, OR"
220,2015-02-06 21:16:20+00:00,563808436521938945,RT @EFF: Itâ€™s #FOIAFriday. Do you know where your records are? Nominate your FOIA horror stories for The Foilies! http://t.co/XOKRA4MlLk,randileeharper,,,"Portland, OR"
221,2015-02-06 22:27:45+00:00,563826405784305666,But have you ever had kibbleâ€¦ on WEEEEEEED? http://t.co/LB9rWFfkKB,randileeharper,,,"Portland, OR"
222,2015-02-09 01:26:34+00:00,564596184572903425,"â¤ï¸â¤ï¸ Oakland â¤ï¸â¤ï¸

#blacklivesmatter http://t.co/2H7F76vNTM",randileeharper,,,"Portland, OR"
223,2015-02-09 23:10:40+00:00,564924370666020864,"@ARCBloodNorCal got stuck working. Will be making it later this week. â¤ï¸ Many props to the Red Cross, I try to donate twice a year.",randileeharper,,,"Portland, OR"
224,2015-02-09 23:12:32+00:00,564924842420350976,@ARCBloodNorCal will do! ğŸ˜˜,randileeharper,,,"Portland, OR"
225,2015-02-09 23:17:32+00:00,564926100673789952,"@chic_gamer I've done a lot of public speaking, but never a keynote. This is going to be awesome. ğŸ˜œ",randileeharper,,,"Portland, OR"
226,2015-02-10 06:03:59+00:00,565028387232546816,"@dylanw also, totes constructive mention, there. I'm sure you are a great instigator. ğŸ˜˜",randileeharper,,,"Portland, OR"
227,2015-02-11 21:28:13+00:00,565623363209793536,@celiadeeter THAT WAS AMAZING. I LOVE YOU â¤ï¸â¤ï¸â¤ï¸,randileeharper,,,"Portland, OR"
228,2015-02-11 22:45:25+00:00,565642791993495553,@AntonM â˜ºï¸,randileeharper,,,"Portland, OR"
229,2015-02-12 01:53:32+00:00,565690134428131328,@BRIGHTPRIMATE @ChrisWarcraft give it time.â¤ï¸,randileeharper,,,"Portland, OR"
230,2015-02-12 02:17:48+00:00,565696238893666306,@ShaofHappiness â¤ï¸â¤ï¸â¤ï¸â¤ï¸,randileeharper,,,"Portland, OR"
231,2015-02-12 05:18:31+00:00,565741718729809920,@GrayFylan â¤ï¸â¤ï¸,randileeharper,,,"Portland, OR"
232,2015-02-12 05:20:43+00:00,565742274105978880,@TheQuinnspiracy you are amazing and I love you. â¤ï¸â¤ï¸,randileeharper,,,"Portland, OR"
233,2015-02-12 05:59:24+00:00,565752006250618880,RT @sheconsulting: 63% of women know someone whoâ€™s been harassed online. RT @amyvernon: via @RadCampaign #SVU #IntimidationGame http://t.coâ€¦,randileeharper,,,"Portland, OR"
234,2015-02-12 21:53:16+00:00,565992055206592512,RT @arstechnica: Notorious 8chan â€œsubboardâ€ has history wiped after federal judgeâ€™s doxing http://t.co/MKGXgjReAz by @samred,randileeharper,,,"Portland, OR"
235,2015-02-13 20:42:37+00:00,566336665124216832,"RT @BuzzFeed: A man had his girlfriend drawn as Disney princesses for the perfect Valentineâ€™s gift
http://t.co/JdATZp71Sq http://t.co/6WR8Sâ€¦",randileeharper,,,"Portland, OR"
236,2015-02-14 18:13:06+00:00,566661426383945728,â€œThe Fat Girl Behind the Fitness Appâ€ by @naomialderman https://t.co/VGb5Dluy3a,randileeharper,,,"Portland, OR"
237,2015-02-14 20:46:23+00:00,566699998331404288,I â¤ï¸ @sarahjeong,randileeharper,,,"Portland, OR"
238,2015-02-14 21:53:17+00:00,566716837274988545,@Spacekatgal just be careful that you protect yourself. You know I â¤ï¸ you.,randileeharper,,,"Portland, OR"
239,2015-02-15 06:07:32+00:00,566841217669799936,All though it is amusing that GamerGate wants to get on my nerves enough that they are willing to support @Spacekatgal. ğŸ˜˜,randileeharper,,,"Portland, OR"
240,2015-02-16 00:11:35+00:00,567114026853740546,RT @Sir5000: @freebsdgirl Summer? But it'sâ€¦hm. http://t.co/ckP0hUzQPr,randileeharper,,,"Portland, OR"
241,2015-02-18 00:15:25+00:00,567839769310306304,@DiscordianKitty I never use caps lock. I always hold down shift ğŸ˜˜,randileeharper,,,"Portland, OR"
242,2015-02-18 23:31:24+00:00,568191078345478144,@NotAllBhas i â¤ï¸ all of your selfies.,randileeharper,,,"Portland, OR"
243,2015-02-20 15:49:52+00:00,568799704789561344,@lukemckinney ğŸ˜ŠğŸ˜ŠğŸ˜Š,randileeharper,,,"Portland, OR"
244,2015-02-20 20:46:27+00:00,568874344824197120,"Not sure if I'm speaking there this year or not, but they were the first conference at which I ever presented. ğŸ‘",randileeharper,,,"Portland, OR"
245,2015-02-21 19:36:58+00:00,569219245810130944,@MrTheGeoff â¤ï¸ğŸ˜˜,randileeharper,,,"Portland, OR"
246,2015-02-21 19:37:35+00:00,569219399191638017,@bergholt â¤ï¸ğŸ˜˜,randileeharper,,,"Portland, OR"
247,2015-02-26 17:55:11+00:00,571005572679512064,@danimal â¤ï¸â¤ï¸â¤ï¸ğŸ˜˜,randileeharper,,,"Portland, OR"
248,2015-02-27 05:28:06+00:00,571179949907771392,RT @XaiaX: @freebsdgirl eyes are bullshit. They canâ€™t even tell the center pieces on both sides of this image are the same grey. http://t.câ€¦,randileeharper,,,"Portland, OR"
249,2015-02-27 21:35:46+00:00,571423471223222272,SOON â„¢,randileeharper,,,"Portland, OR"
250,2015-03-02 03:23:58+00:00,572235875435741184,Productive weekend! ğŸ‘ğŸ˜˜,randileeharper,,,"Portland, OR"
251,2015-03-02 20:17:17+00:00,572490884530323457,"RT @lomifeh: @freebsdgirl Itâ€™s worse.  Happened in May, they realized it in September and reported it just now.",randileeharper,,,"Portland, OR"
252,2015-03-03 04:11:13+00:00,572610154102849537,@RyRyBeardGuy â¤ï¸â¤ï¸,randileeharper,,,"Portland, OR"
253,2015-03-03 20:06:45+00:00,572850620480155648,@SuperSpacedad @ggautoblocker â¤ï¸â¤ï¸ğŸ˜Š,randileeharper,,,"Portland, OR"
254,2015-03-04 03:59:31+00:00,572969595155308544,@JillWetzler I â¤ï¸ u,randileeharper,,,"Portland, OR"
255,2015-03-04 20:45:51+00:00,573222848094842881,RT @holman: â€œUse Ruby To Get Some Ladiesâ€ at @onekingslane http://t.co/oQz6ZwqQhz,randileeharper,,,"Portland, OR"
256,2015-03-05 02:09:34+00:00,573304314694922240,@leighalexander â¤ï¸,randileeharper,,,"Portland, OR"
257,2015-03-05 06:28:16+00:00,573369416840187904,Still grinning. ğŸ˜ http://t.co/2isypVUpyg,randileeharper,,,"Portland, OR"
258,2015-03-05 06:30:50+00:00,573370063803195392,@hypatiadotca so happy. â¤ï¸â¤ï¸â¤ï¸ thanks!,randileeharper,,,"Portland, OR"
259,2015-03-05 07:02:45+00:00,573378093533929473,@WingZero351 thank you â¤ï¸ğŸ˜˜,randileeharper,,,"Portland, OR"
260,2015-03-05 08:30:23+00:00,573400149206040576,All the feels. Let me tell you aboutÂ them. http://t.co/mywCBLrPKt,randileeharper,,,"Portland, OR"
261,2015-03-05 22:10:13+00:00,573606465212014592,"Yes, I'm aware of GGs efforts with the IRS. No, it won't matter. Don't bother responding to them. Better uses for bandwidth. â¤ï¸",randileeharper,,,"Portland, OR"
262,2015-03-05 22:14:27+00:00,573607534042349568,We are passionate about this. We have the experience &amp; are surrounded by a great &amp; supportive industry. Thank you for all your support. â¤ï¸ğŸ˜˜,randileeharper,,,"Portland, OR"
263,2015-03-06 04:19:32+00:00,573699408237199363,@BenKuchera â¤ï¸â¤ï¸â¤ï¸â¤ï¸,randileeharper,,,"Portland, OR"
264,2015-03-06 05:55:09+00:00,573723471651303424,"Ok, so #gameloading was awesome and I hope I can buy it on iTunes â¤ï¸â¤ï¸â¤ï¸ğŸ˜˜ğŸ®",randileeharper,,,"Portland, OR"
265,2015-03-06 09:26:59+00:00,573776782706352128,"RT @0xabad1dea: Certain threads:
ğŸ‘¦ tech isnâ€™t sexist
ğŸ‘§ yes it is
ğŸ‘¦ no it isnâ€™t
ğŸ‘§ğŸ‘§ yes it is
ğŸ‘¦ no it isnâ€™t
ğŸ‘§ğŸ‘§ğŸ‘§ yes it is
ğŸ‘¦ no it isnâ€™t
ğŸ‘§ğŸ‘§ğŸ‘§ğŸ‘§ â€¦",randileeharper,,,"Portland, OR"
266,2015-03-06 20:27:48+00:00,573943079205400576,"OK, amazing and awesome folks that have emailed us. We're regrouping and discussing each email, will have responses out Soonâ„¢ :)",randileeharper,,,"Portland, OR"
267,2015-03-08 23:45:29+00:00,574717605845532672,RT @FLOSSWeekly: Just added to the schedule for April 8:Â Randi Harper - Online Abuse Prevention Initiative (http://on...: Just ... http://tâ€¦,randileeharper,,,"Portland, OR"
268,2015-03-10 02:56:38+00:00,575128098049404928,"SWF looking for long walks on the beach with a lightweight NoSQL/kv store. must have good ruby libs, serverless Ã  la SQLite would be a plus.",randileeharper,,,"Portland, OR"
269,2015-03-10 04:44:42+00:00,575155291739713537,"I am grumpy over having to argue about if CNAMEs are allowed to have underscores.

It's in the freaking RFC. ğŸ˜¤",randileeharper,,,"Portland, OR"
270,2015-03-10 22:07:09+00:00,575417635388592128,Today's status: ğŸ‘ğŸ˜,randileeharper,,,"Portland, OR"
271,2015-03-11 05:17:06+00:00,575525834754236418,@informationchef @dannyo152 â¤ï¸â¤ï¸,randileeharper,,,"Portland, OR"
272,2015-03-12 18:54:49+00:00,576094009363337217,RT @petecheslock: @freebsdgirl did they just refer to a â€œdata scientistâ€ as an actual Scientists?,randileeharper,,,"Portland, OR"
273,2015-03-12 21:10:38+00:00,576128187161182208,"If I ever do get scared, you'll never know. ğŸ˜˜",randileeharper,,,"Portland, OR"
274,2015-03-13 00:39:44+00:00,576180808504848384,@ProoN â¤ï¸,randileeharper,,,"Portland, OR"
275,2015-03-13 05:35:07+00:00,576255143101882368,"RT @Transition: @freebsdgirl just so Iâ€™m clear: you have dogs named Leo(nard?) and Nimoy?

LLAP.
:-)",randileeharper,,,"Portland, OR"
276,2015-03-13 20:34:25+00:00,576481461424934912,"RT @Leonard_Delaney: @freebsdgirl I know! Holy crud, Iâ€™m not worthy! Thank you. I hope you enjoy. Taken by Tetris Blocks addresses deep gamâ€¦",randileeharper,,,"Portland, OR"
277,2015-03-14 04:55:02+00:00,576607445692256256,"FLOSS Weekly, open source projects, and paying theÂ bills http://t.co/qmdsDTfvya",randileeharper,,,"Portland, OR"
278,2015-01-29 00:28:16+00:00,560595245814267905,"""@panelrific: Let's go ğŸ§ğŸ§ğŸ§ğŸ§ğŸ§ğŸ§ğŸ˜ƒ""",MT8_9,,,Earth 
